action,id,pId,labelNode,labelLink
C2,1,0,,1M
C2,2,1,,1M
C2,3,2,,1M
C2,4,3,,1M
C2,5,4,,1M
C2,6,4,,5R
C2,7,3,,8R
C2,8,2,,12R
C2,9,1,,17R
C2,10,9,,1M
C2,11,10,,1M
C2,12,11,,1M
C2,13,12,,1M
C2,14,12,,5R
C2,15,11,,9R
C2,16,15,,1R
C2,17,16,,1M
C2,18,16,,3R
C1,19,18,,s
C2,20,19,,1M
C2,21,20,,1M
C2,22,20,,3R
C2,23,19,,9R
C2,24,10,,30R
C2,25,24,,1M
C2,26,25,,1M
C2,27,26,,1M
C2,28,27,,1M
C2,29,28,,1M
C2,30,29,,1M
C2,31,30,,1M
C2,32,31,,1M
C2,33,32,,1M
C2,34,33,,1M
C2,35,34,,1M
C2,36,35,,1M
C2,37,36,,1M
C2,38,37,,1M
C2,39,38,,1M
C2,40,39,,1M
C2,41,40,,1M
C2,42,41,,1M
C2,43,42,,1R
C2,44,43,,83L
C2,45,44,,1M
C2,46,45,,74L
C2,47,46,,1L
C2,48,46,,2M
C2,49,48,,67L
C2,50,49,,1M
C2,51,50,,1M
C2,52,51,,1M
C2,53,52,,1M
C2,54,53,,1M
C2,55,54,,1M
C2,56,55,,53L
C2,57,56,,1M
C2,58,57,,1M
C2,59,58,,1M
C2,60,59,,4L
C2,61,59,,5M
C2,62,61,,2L
C2,63,61,,3M
C2,64,63,,8L
C2,65,64,,1M
C2,66,65,,1M
C2,67,63,,9M
C2,68,67,,12L
C1,69,68,,s
C1,70,68,,s
C2,71,70,,1L
C2,72,70,,2M
C2,73,70,,4R
C2,74,67,,13M
C2,75,67,,17R
C2,76,63,,29R
C2,77,61,,36R
C2,78,61,,10L
C2,79,78,,1R
C2,80,79,,1M
C2,81,80,,1M
C2,82,80,,3R
C2,83,61,,11M
C2,84,83,,1M
K2,84,67,Cut by 67,
U,67,84,,
C2,85,83,,21R
C2,86,61,,36R
C2,87,56,,51L
C2,88,87,,1M
C2,89,88,,1M
C2,90,89,,1M
C2,91,90,,1M
C2,92,91,,3L
C2,93,91,,4M
C2,94,93,,2L
C2,95,93,,3M
C2,96,95,,1M
C2,97,96,,1M
C2,98,97,,1M
C2,99,97,,6R
C2,100,96,,10R
C2,101,100,,1M
C2,102,100,,5R
C2,103,95,,21R
C2,104,93,,26R
C2,105,91,,33R
C2,106,90,,37R
C2,107,90,,4L
C2,108,90,,5M
C2,109,108,,2L
C2,110,108,,3M
C2,111,110,,1M
C2,112,111,,1M
C2,113,112,,1M
C2,114,113,,1M
C2,115,113,,5R
C2,116,112,,9R
C2,117,116,,1M
C2,118,116,,5R
C2,119,111,,20R
C2,120,110,,23R
C2,121,108,,29R
C2,122,90,,37R
C2,123,89,,41R
C2,124,50,,56L
C2,125,124,,1M
C2,126,124,,4R
C2,127,126,,1M
C2,128,127,,1M
C2,129,128,,1M
C2,130,129,,1M
C2,131,130,,1M
C2,132,130,,2L
C2,133,130,,3M
C2,134,129,,3L
C2,135,129,,4M
C2,136,128,,9R
C2,137,136,,1M
C2,138,137,,1M
C2,139,138,,3L
C2,140,138,,4M
C2,141,140,,14L
C2,142,141,,1M
C2,143,141,,4R
C2,144,143,,1M
C2,145,143,,5R
C2,146,140,,15M
C2,147,140,,16R
C2,148,138,,23R
C2,149,136,,29R
C2,150,149,,1R
C2,151,136,,1M
C2,152,151,,1M
K2,152,138,Cut by 138,
U,138,152,,
C2,153,151,,27R
C2,154,136,,31R
C2,155,128,,1M
C2,156,155,,1M
C2,157,156,,1M
C2,158,157,,5L
C2,159,157,,6M
C2,160,159,,1M
C2,161,160,,1M
C2,162,161,,1M
C2,163,161,,6R
C2,164,160,,10R
C2,165,164,,1M
C2,166,164,,5R
C2,167,159,,21R
C2,168,157,,29R
C2,169,156,,33R
C2,170,156,,2L
C2,171,156,,3M
C2,172,171,,3L
C2,173,171,,4M
K2,173,159,Cut by 159,
U,159,173,,
C2,174,171,,27R
C2,175,156,,33R
C2,176,155,,3L
C2,177,155,,4M
C2,178,177,,3L
C2,179,177,,4M
C2,180,179,,1M
C2,181,180,,1M
C2,182,181,,1M
C2,183,182,,1M
C2,184,182,,5R
C2,185,181,,9R
C2,186,185,,1M
C2,187,185,,5R
C2,188,180,,20R
C2,189,179,,23R
C2,190,177,,30R
C2,191,128,,39R
C2,192,191,,1R
C2,193,128,,1M
C2,194,193,,1M
K2,194,156,Cut by 156,
U,156,194,,
C2,195,193,,37R
C2,196,193,,3L
C2,197,193,,4M
K2,197,177,Cut by 177,
U,177,197,,
C2,198,193,,37R
C2,199,128,,41R
C2,200,124,,1M
C2,201,200,,1M
C2,202,201,,1M
C1,203,202,,s
C2,204,201,,7R
C2,205,200,,13R
C2,206,124,,16R
C2,207,206,,1M
C2,208,207,,1M
C2,209,208,,3L
C2,210,208,,4M
C2,211,210,,14L
K2,211,141,Cut by 141,
U,141,211,,
C2,212,210,,15M
C1,213,212,,s
C1,214,212,,s
C2,215,208,,27R
C2,216,215,,1R
C2,217,208,,3L
C2,218,208,,4M
C2,219,218,,14L
K2,219,141,Cut by 141,
U,141,219,,
C2,220,218,,15M
C1,221,220,,s
C1,222,220,,s
C2,223,218,,22R
C2,224,208,,29R
C2,225,124,,1M
C2,226,225,,1M
C2,227,226,,1M
C2,228,227,,1M
C2,229,228,,1M
C2,230,228,,5R
C2,231,227,,11R
C2,232,231,,1M
C2,233,232,,1M
C2,234,233,,1M
C2,235,234,,1M
C1,236,235,,s
C2,237,236,,1M
C2,238,236,,5R
C1,239,235,,s
C2,240,239,,1M
C2,241,239,,5R
C2,242,234,,17R
C2,243,233,,22R
C2,244,232,,26R
C2,245,227,,1M
C2,246,245,,1M
C2,247,246,,1M
C2,248,247,,1M
C2,249,248,,1M
C2,250,249,,1R
C2,251,250,,1L
C2,252,250,,2M
C2,253,250,,4R
C2,254,248,,11R
C2,255,254,,1M
C2,256,254,,5R
C2,257,247,,21R
C2,258,257,,1M
C2,259,258,,1M
C2,260,258,,4R
C2,261,257,,7R
C2,262,246,,34R
C2,263,245,,38R
C2,264,226,,44R
C2,265,264,,1R
C2,266,50,,57M
C2,267,266,,1L
C2,268,266,,2M
C2,269,48,,68M
C2,270,45,,75M
C2,271,44,,62L
C2,272,271,,1M
C2,273,272,,1M
C2,274,272,,2R
C2,275,271,,8R
C2,276,275,,1M
C2,277,276,,1M
C2,278,277,,1M
C2,279,278,,4L
C2,280,278,,5M
C2,281,280,,2L
C2,282,280,,3M
C2,283,282,,8L
C2,284,283,,1M
C2,285,284,,1M
C2,286,282,,9M
C2,287,286,,12L
C1,288,287,,s
C1,289,287,,s
C2,290,289,,1L
C2,291,289,,2M
C2,292,289,,4R
C2,293,286,,13M
C2,294,286,,17R
C2,295,282,,29R
C2,296,280,,35R
C2,297,280,,10L
C2,298,297,,1R
C2,299,298,,1M
C2,300,299,,1M
C2,301,299,,3R
C2,302,280,,11M
C2,303,302,,1M
K2,303,286,Cut by 286,
U,286,303,,
C2,304,302,,21R
C2,305,280,,35R
C2,306,275,,51L
C2,307,306,,1M
C2,308,307,,1M
C2,309,308,,1M
C2,310,309,,1M
C2,311,310,,3L
C2,312,310,,4M
C2,313,312,,2L
C2,314,312,,3M
C2,315,314,,1M
C2,316,315,,1M
C2,317,316,,1M
C2,318,316,,6R
C2,319,315,,10R
C2,320,319,,1M
C2,321,319,,5R
C2,322,314,,21R
C2,323,312,,26R
C2,324,310,,33R
C2,325,309,,37R
C2,326,309,,4L
C2,327,309,,5M
C2,328,327,,2L
C2,329,327,,3M
C2,330,329,,1M
C2,331,330,,1M
C2,332,331,,1M
C2,333,332,,1M
C2,334,332,,5R
C2,335,331,,9R
C2,336,335,,1M
C2,337,335,,5R
C2,338,330,,20R
C2,339,329,,23R
C2,340,327,,29R
C2,341,309,,37R
C2,342,308,,41R
C2,343,271,,1M
C2,344,343,,1M
C2,345,344,,1R
C2,346,345,,1M
C2,347,345,,4R
C2,348,347,,1M
C2,349,348,,1M
C2,350,349,,1M
C2,351,350,,1M
C2,352,350,,6R
C2,353,350,,3L
C2,354,350,,4M
C2,355,350,,6R
C2,356,349,,9R
C2,357,356,,1M
C2,358,357,,1M
C2,359,358,,3L
C2,360,358,,4M
C2,361,360,,14L
C2,362,361,,1M
C2,363,361,,4R
C2,364,363,,1M
C2,365,363,,5R
C2,366,360,,15M
C2,367,360,,16R
C2,368,358,,23R
C2,369,356,,29R
C2,370,369,,1R
C2,371,349,,1M
C2,372,371,,1M
C2,373,372,,1M
C2,374,373,,4L
C2,375,373,,5M
C2,376,375,,1M
C2,377,376,,1M
C2,378,377,,1M
C2,379,378,,1M
C2,380,377,,7R
C2,381,376,,11R
C2,382,381,,1M
C2,383,381,,5R
C2,384,375,,20R
C2,385,373,,29R
C2,386,372,,33R
C2,387,372,,2L
C2,388,372,,3M
C2,389,388,,2L
C2,390,388,,3M
K2,390,375,Cut by 375,
U,375,390,,
C2,391,388,,27R
C2,392,372,,33R
C2,393,371,,3L
C2,394,371,,4M
C2,395,394,,2L
C2,396,394,,3M
C2,397,396,,1M
C2,398,397,,1M
C2,399,398,,1M
C2,400,399,,1M
C2,401,399,,6R
C2,402,398,,10R
C2,403,402,,1M
C2,404,402,,5R
C2,405,397,,19R
C2,406,396,,24R
C2,407,394,,30R
C2,408,349,,39R
C2,409,408,,1R
C2,410,345,,1M
C2,411,410,,1M
C2,412,411,,1M
C1,413,412,,s
C2,414,411,,7R
C2,415,410,,12R
C2,416,345,,16R
C2,417,416,,1M
C2,418,417,,1M
C2,419,418,,3L
C2,420,418,,4M
C2,421,420,,14L
K2,421,361,Cut by 361,
U,361,421,,
C2,422,420,,15M
C1,423,422,,s
C1,424,422,,s
C2,425,418,,27R
C2,426,425,,1R
C2,427,345,,1M
C2,428,427,,1M
C2,429,428,,1M
C2,430,429,,1M
C2,431,430,,1M
C2,432,430,,5R
C2,433,429,,10R
C2,434,433,,1M
C2,435,434,,1M
C2,436,435,,1M
C2,437,436,,1M
C2,438,437,,1M
C2,439,438,,1M
C2,440,438,,5R
C2,441,437,,9R
C2,442,441,,1M
C2,443,441,,5R
C2,444,436,,18R
C2,445,435,,23R
C2,446,434,,27R
C2,447,433,,30R
C2,448,429,,1M
C2,449,448,,1M
C2,450,449,,1M
C2,451,450,,1M
C2,452,451,,1M
C2,453,452,,1R
C2,454,453,,1L
C2,455,453,,2M
C2,456,453,,4R
C2,457,451,,11R
C2,458,457,,1M
C2,459,457,,5R
C2,460,450,,21R
C2,461,460,,1M
C2,462,461,,1M
C2,463,461,,4R
C2,464,460,,7R
C2,465,449,,34R
C2,466,448,,38R
C2,467,429,,41R
C2,468,428,,44R
C2,469,468,,1R
C2,470,427,,52R
C2,471,344,,1M
C2,472,471,,1M
C2,473,471,,4R
C2,474,473,,1M
C2,475,474,,1M
C2,476,475,,1M
C2,477,476,,1M
C2,478,476,,2R
C2,479,475,,7R
C2,480,479,,1M
C2,481,480,,1M
C2,482,481,,1M
C2,483,482,,1M
C2,484,483,,1M
C2,485,484,,1M
C2,486,484,,5R
C2,487,483,,9R
C2,488,487,,1M
C2,489,487,,4R
C2,490,482,,18R
C2,491,481,,23R
C2,492,480,,27R
C2,493,479,,30R
C2,494,475,,1M
C2,495,494,,1M
C2,496,495,,1M
C2,497,496,,1M
C2,498,497,,1L
C2,499,497,,2M
C2,500,499,,1M
C2,501,499,,2R
C2,502,497,,8R
C2,503,502,,1M
C2,504,502,,5R
C2,505,496,,18R
C2,506,505,,1M
C2,507,506,,1M
C2,508,506,,3R
C2,509,505,,7R
C2,510,495,,31R
C2,511,494,,35R
C2,512,475,,38R
C2,513,474,,41R
C2,514,513,,1R
C2,515,473,,49R
C2,516,471,,1M
C2,517,516,,1M
C2,518,517,,1M
C2,519,518,,1M
C2,520,519,,1M
C2,521,519,,5R
C2,522,518,,9R
C2,523,522,,1M
C2,524,523,,1M
C2,525,524,,1M
C2,526,525,,1M
C2,527,525,,3R
C2,528,527,,1M
C2,529,527,,5R
C2,530,524,,13R
C2,531,530,,1M
C2,532,531,,1M
C2,533,531,,3R
C2,534,530,,7R
C2,535,522,,28R
C2,536,522,,1M
C2,537,536,,1M
K2,537,524,Cut by 524,
U,524,537,,
C2,538,536,,26R
C2,539,522,,30R
C2,540,517,,43R
C2,541,516,,46R
C2,542,541,,1R
C2,543,471,,54R
C2,544,44,,63M
C2,545,544,,12L
C2,546,545,,7L
C2,547,546,,1M
C2,548,545,,8M
C2,549,544,,13M
C2,550,43,,84M
C2,551,550,,8L
C2,552,551,,4L
C2,553,551,,5M
C2,554,550,,9M
C2,555,554,,2L
C2,556,554,,3M
C2,557,556,,1M
C2,558,557,,1L
C2,559,557,,2M
C2,560,42,,1M
C2,561,560,,1M
C2,562,561,,1M
C2,563,562,,74L
C2,564,563,,1M
C2,565,564,,5L
C2,566,564,,6M
C2,567,566,,1M
C2,568,567,,1M
C2,569,568,,53L
C2,570,569,,1M
C2,571,570,,1M
C2,572,571,,4L
C2,573,571,,5M
C2,574,573,,1L
C2,575,573,,2M
C2,576,575,,9L
C1,577,576,,s
C2,578,577,,1M
C2,579,578,,1M
C1,580,576,,s
C2,581,580,,1M
C2,582,581,,1M
C2,583,581,,3R
C2,584,575,,10M
C2,585,584,,3L
C2,586,584,,4M
C2,587,586,,10L
C1,588,587,,s
C2,589,588,,1M
C2,590,588,,4R
C1,591,587,,s
C2,592,586,,11M
C2,593,584,,21R
C2,594,593,,1R
C2,595,575,,38R
C2,596,569,,51L
C2,597,596,,1M
C2,598,597,,1M
C2,599,598,,1M
C2,600,599,,5L
C2,601,599,,6M
C2,602,601,,1L
C2,603,601,,2M
C2,604,603,,1M
C2,605,604,,1M
C2,606,605,,3L
C2,607,605,,4M
C2,608,607,,1M
C2,609,607,,4R
C2,610,609,,1M
C2,611,609,,5R
C2,612,605,,16R
C2,613,604,,21R
C2,614,603,,25R
C2,615,601,,29R
C2,616,601,,9L
C1,617,616,,s
C2,618,617,,1M
C2,619,618,,1M
C2,620,618,,4R
C2,621,601,,10M
C2,622,621,,10L
C1,623,622,,s
C1,624,622,,s
C2,625,624,,1M
C2,626,624,,5R
C2,627,621,,11M
C1,628,627,,s
C1,629,627,,s
C2,630,621,,17R
C2,631,601,,29R
C2,632,599,,37R
C2,633,632,,1R
C2,634,598,,45R
C2,635,598,,4L
C2,636,598,,5M
C2,637,636,,1L
C2,638,636,,2M
K2,638,601,Cut by 601,
U,601,638,,
C2,639,636,,33R
C2,640,639,,1R
C2,641,598,,45R
C2,642,568,,54M
C2,643,642,,1M
C2,644,564,,68L
C2,645,644,,1M
C2,646,645,,1M
C2,647,646,,1M
C2,648,647,,1M
C2,649,648,,1M
C2,650,649,,1M
C2,651,650,,1M
C1,652,651,,s
C2,653,652,,1M
C2,654,653,,1M
C2,655,654,,1M
C2,656,655,,5L
C2,657,655,,6M
C2,658,657,,1L
C2,659,657,,2M
C2,660,659,,10L
C2,661,660,,1M
C2,662,661,,1M
C2,663,660,,7R
C2,664,659,,11M
C2,665,664,,11L
C1,666,665,,s
C2,667,666,,1M
C2,668,666,,5R
C1,669,665,,s
C2,670,664,,12M
C2,671,664,,16R
C2,672,659,,29R
C2,673,672,,1R
C2,674,657,,38R
C2,675,657,,9L
C1,676,675,,s
C2,677,676,,1M
C2,678,677,,1M
C2,679,657,,10M
C2,680,679,,2L
C2,681,679,,3M
K2,681,664,Cut by 664,
U,664,681,,
C2,682,679,,21R
C2,683,682,,1R
C2,684,657,,38R
C2,685,654,,4L
C2,686,654,,5M
C2,687,686,,1L
C2,688,686,,2M
K2,688,657,Cut by 657,
U,657,688,,
C2,689,652,,51L
C2,690,689,,1M
C2,691,690,,1M
C2,692,691,,1M
C2,693,692,,4L
C2,694,692,,5M
C2,695,694,,2L
C2,696,694,,3M
C2,697,696,,1M
C2,698,697,,1M
C2,699,698,,3L
C2,700,698,,4M
C2,701,700,,1M
C2,702,700,,4R
C2,703,702,,1M
C2,704,702,,4R
C2,705,698,,16R
C2,706,696,,23R
C2,707,696,,1M
C2,708,707,,1M
K2,708,698,Cut by 698,
U,698,708,,
C2,709,707,,21R
C2,710,696,,25R
C2,711,694,,30R
C2,712,694,,10L
C2,713,712,,1R
C2,714,713,,1M
C2,715,714,,1M
C2,716,714,,3R
C2,717,694,,11M
C2,718,717,,10L
C1,719,718,,s
C1,720,718,,s
C2,721,720,,1M
C2,722,720,,4R
C2,723,717,,11M
C2,724,717,,15R
C2,725,717,,10L
K2,725,718,Cut by 718,
U,718,725,,
C2,726,717,,11M
C1,727,726,,s
C1,728,726,,s
C2,729,717,,17R
C2,730,694,,30R
C2,731,692,,37R
C2,732,691,,43R
C1,733,651,,s
C2,734,733,,1M
C2,735,734,,1M
C2,736,735,,1M
C2,737,736,,1M
C2,738,737,,4L
C2,739,737,,5M
C2,740,739,,2L
C2,741,739,,3M
C2,742,741,,1M
C2,743,742,,1M
C2,744,743,,2L
C2,745,743,,3M
C2,746,745,,1L
C2,747,745,,2M
C2,748,745,,3R
C2,749,748,,1L
C2,750,748,,2M
C2,751,748,,6R
C2,752,745,,1L
C2,753,745,,2M
C2,754,745,,5R
C2,755,754,,1M
C2,756,754,,4R
C2,757,743,,16R
C2,758,741,,23R
C2,759,739,,29R
C2,760,739,,10L
C2,761,760,,1R
C2,762,761,,1M
C2,763,762,,1M
C2,764,762,,3R
C2,765,739,,11M
C2,766,765,,10L
C1,767,766,,s
C2,768,767,,1L
C2,769,767,,2M
C2,770,767,,6R
C1,771,766,,s
C1,772,766,,s
C2,773,772,,1M
C2,774,772,,4R
C2,775,765,,11M
C2,776,765,,15R
C2,777,739,,29R
C2,778,737,,37R
C2,779,736,,43R
C2,780,733,,51L
C2,781,780,,1M
C2,782,781,,1M
C2,783,782,,1M
C2,784,783,,1M
C2,785,783,,5R
C2,786,782,,9R
C2,787,786,,1M
C2,788,787,,1M
C2,789,788,,2L
C2,790,788,,3M
C2,791,790,,12L
C2,792,791,,1L
C2,793,791,,2M
C2,794,791,,3R
C2,795,794,,1L
C2,796,794,,2M
C2,797,794,,6R
C2,798,791,,1L
C2,799,791,,2M
C2,800,791,,5R
C2,801,800,,1M
C2,802,800,,4R
C2,803,790,,13M
C2,804,788,,21R
C2,805,787,,25R
C2,806,786,,29R
C2,807,782,,1M
C2,808,807,,1M
C2,809,808,,1M
C2,810,809,,3L
C2,811,809,,4M
C2,812,811,,1M
C2,813,812,,1M
C2,814,813,,1M
C2,815,814,,1M
C2,816,812,,10R
C2,817,816,,1L
C2,818,816,,2M
C2,819,816,,6R
C2,820,811,,20R
C2,821,808,,31R
C2,822,807,,35R
C2,823,782,,39R
C2,824,781,,44R
C2,825,646,,56L
C2,826,825,,1M
C2,827,825,,4R
C2,828,827,,1M
C2,829,828,,1M
C2,830,829,,1M
C2,831,830,,1M
C2,832,830,,5R
C2,833,829,,9R
C2,834,833,,1M
C2,835,834,,1M
C2,836,835,,1L
C2,837,835,,2M
C2,838,837,,8L
C2,839,838,,2L
C2,840,838,,3M
C2,841,838,,4R
C2,842,837,,9M
C2,843,842,,1L
C2,844,842,,2M
C2,845,842,,4R
C2,846,837,,11L
C2,847,846,,2L
C2,848,846,,3M
C2,849,846,,4R
C2,850,849,,1L
C2,851,849,,2R
C2,852,837,,12M
C1,853,852,,s
C1,854,852,,s
C2,855,837,,13L
C2,856,855,,2L
C2,857,855,,3M
C2,858,855,,4R
C2,859,858,,1L
C2,860,858,,2M
C2,861,858,,6R
C2,862,837,,14M
C2,863,835,,21R
C2,864,834,,25R
C2,865,833,,29R
C2,866,829,,1M
C2,867,866,,1M
C2,868,867,,1M
C2,869,868,,3L
C2,870,868,,4M
C2,871,870,,1M
C2,872,871,,1M
C2,873,872,,1M
C2,874,873,,1M
C2,875,873,,3R
C2,876,870,,11R
C2,877,868,,19R
C2,878,877,,1L
C2,879,877,,2M
C2,880,879,,1M
C2,881,879,,2R
C2,882,868,,3L
C2,883,868,,4M
C2,884,883,,1M
K2,884,871,Cut by 871,
U,871,884,,
C2,885,883,,11R
C2,886,885,,1L
C2,887,885,,2R
C2,888,868,,22R
C2,889,888,,1L
C2,890,888,,2M
C2,891,868,,3L
C2,892,868,,4M
C2,893,892,,1M
C2,894,893,,1M
C2,895,894,,1M
C2,896,895,,1M
C2,897,893,,10R
C2,898,897,,1L
C2,899,897,,2M
C2,900,897,,6R
C2,901,892,,20R
C2,902,867,,31R
C2,903,866,,35R
C2,904,829,,39R
C2,905,828,,44R
C2,906,825,,1M
C2,907,906,,1M
C2,908,907,,1M
C1,909,908,,s
C2,910,907,,7R
C2,911,906,,12R
C2,912,825,,16R
C2,913,912,,1M
C2,914,913,,1M
C2,915,914,,1L
C2,916,914,,2M
C2,917,916,,8L
C2,918,917,,2L
C2,919,917,,3M
C2,920,917,,4R
C2,921,916,,9M
C1,922,921,,s
C2,923,922,,1L
C2,924,922,,2M
C2,925,924,,1M
C2,926,924,,2R
C1,927,921,,s
C2,928,916,,22R
C2,929,916,,11L
K2,929,846,Cut by 846,
U,846,929,,
C2,930,916,,12M
C1,931,930,,s
C2,932,931,,1L
C2,933,931,,2M
C1,934,930,,s
C2,935,916,,22R
C2,936,916,,13L
K2,936,855,Cut by 855,
U,855,936,,
C2,937,916,,14M
C1,938,937,,s
C1,939,937,,s
C2,940,916,,22R
C2,941,914,,27R
C2,942,913,,32R
C2,943,825,,1M
C2,944,943,,1M
C2,945,944,,1M
C2,946,945,,1M
C2,947,946,,1M
C2,948,946,,5R
C2,949,945,,10R
C2,950,949,,1M
C2,951,950,,1M
C2,952,951,,1M
C2,953,952,,1M
C2,954,953,,1M
C2,955,952,,8R
C2,956,951,,13R
C2,957,956,,1L
C2,958,956,,2M
C2,959,958,,1M
C2,960,958,,2R
C2,961,951,,1M
C2,962,961,,1M
C2,963,962,,1M
C2,964,961,,8R
C2,965,964,,1M
C2,966,964,,2R
C2,967,951,,16R
C2,968,967,,1L
C2,969,967,,2M
C2,970,951,,1M
C2,971,970,,1M
C2,972,971,,1M
C2,973,972,,1M
C2,974,971,,7R
C2,975,974,,1M
C2,976,974,,6R
C2,977,970,,17R
C2,978,950,,25R
C2,979,949,,29R
C2,980,945,,1M
C2,981,980,,1M
C2,982,981,,1M
C2,983,982,,1M
C2,984,983,,1M
C2,985,984,,1R
C2,986,985,,1M
C2,987,985,,4R
C2,988,983,,11R
C2,989,988,,1M
C2,990,988,,5R
C2,991,982,,21R
C2,992,991,,1M
C2,993,991,,6R
C2,994,980,,36R
C2,995,945,,40R
C2,996,944,,44R
C2,997,943,,49R
C2,998,646,,57M
C2,999,998,,1L
C2,1000,998,,2M
C2,1001,564,,69M
C2,1002,562,,75M
C2,1003,1002,,15L
C2,1004,1003,,11L
C2,1005,1004,,7L
C2,1006,1005,,4L
C2,1007,1005,,5M
C2,1008,1004,,8M
C2,1009,1003,,12M
C2,1010,1002,,16M
C2,1011,1010,,2L
C2,1012,1010,,3M
C2,1013,1012,,1M
C2,1014,1013,,1L
C2,1015,1013,,2M
C2,1016,561,,62L
C2,1017,1016,,1M
C2,1018,1017,,1M
C2,1019,1017,,2R
C2,1020,1016,,8R
C2,1021,1020,,1M
C2,1022,1021,,1M
C2,1023,1022,,1M
C2,1024,1023,,1M
C2,1025,1024,,4L
C2,1026,1024,,5M
C2,1027,1026,,2L
C2,1028,1026,,3M
C2,1029,1028,,1M
C2,1030,1029,,1M
C2,1031,1030,,2L
C2,1032,1030,,3M
C2,1033,1032,,1L
C2,1034,1032,,2M
C2,1035,1032,,3R
C2,1036,1035,,1L
C2,1037,1035,,2M
C2,1038,1035,,6R
C2,1039,1032,,1L
C2,1040,1032,,2M
C2,1041,1032,,5R
C2,1042,1041,,1M
C2,1043,1041,,4R
C2,1044,1030,,16R
C2,1045,1028,,23R
C2,1046,1026,,29R
C2,1047,1026,,10L
C2,1048,1047,,1R
C2,1049,1048,,1M
C2,1050,1049,,1M
C2,1051,1049,,3R
C2,1052,1026,,11M
C2,1053,1052,,10L
C1,1054,1053,,s
C2,1055,1054,,1L
C2,1056,1054,,2M
C2,1057,1054,,6R
C1,1058,1053,,s
C1,1059,1053,,s
C2,1060,1059,,1M
C2,1061,1059,,4R
C2,1062,1052,,11M
C2,1063,1052,,15R
C2,1064,1026,,29R
C2,1065,1024,,37R
C2,1066,1023,,43R
C2,1067,1020,,51L
C2,1068,1067,,1M
C2,1069,1068,,1M
C2,1070,1069,,1M
C2,1071,1070,,1M
C2,1072,1070,,5R
C2,1073,1069,,9R
C2,1074,1073,,1M
C2,1075,1074,,1M
C2,1076,1075,,2L
C2,1077,1075,,3M
C2,1078,1077,,12L
C2,1079,1078,,1L
C2,1080,1078,,2M
C2,1081,1078,,3R
C2,1082,1081,,1L
C2,1083,1081,,2M
C2,1084,1081,,6R
C2,1085,1077,,13M
C2,1086,1075,,21R
C2,1087,1074,,25R
C2,1088,1073,,29R
C2,1089,1069,,1M
C2,1090,1089,,1M
C2,1091,1090,,1M
C2,1092,1091,,3L
C2,1093,1091,,4M
C2,1094,1093,,1M
C2,1095,1094,,1M
C2,1096,1095,,1M
C2,1097,1096,,1M
C2,1098,1096,,3R
C2,1099,1093,,11R
C2,1100,1091,,19R
K2,1100,922,Cut by 922,
U,922,1100,,
C2,1101,1091,,3L
C2,1102,1091,,4M
C2,1103,1102,,1M
K2,1103,1094,Cut by 1094,
U,1094,1103,,
C2,1104,1102,,11R
C2,1105,1104,,1L
C2,1106,1104,,2R
C2,1107,1091,,22R
C2,1108,1107,,1L
C2,1109,1107,,2M
C2,1110,1091,,3L
C2,1111,1091,,4M
C2,1112,1111,,1M
C2,1113,1112,,1M
C2,1114,1113,,1M
C2,1115,1114,,1M
C2,1116,1112,,10R
C2,1117,1116,,1L
C2,1118,1116,,2M
C2,1119,1116,,6R
C2,1120,1111,,20R
C2,1121,1090,,31R
C2,1122,1089,,35R
C2,1123,1069,,39R
C2,1124,1068,,44R
C2,1125,1016,,1M
C2,1126,1125,,1M
C2,1127,1126,,1R
C2,1128,1127,,1M
C2,1129,1127,,4R
C2,1130,1129,,1M
C2,1131,1130,,1M
C2,1132,1131,,1M
C2,1133,1132,,1M
C2,1134,1132,,5R
C2,1135,1131,,9R
C2,1136,1135,,1M
C2,1137,1136,,1M
C2,1138,1137,,1L
C2,1139,1137,,2M
C2,1140,1139,,8L
C2,1141,1140,,2L
C2,1142,1140,,3M
C2,1143,1140,,4R
C2,1144,1139,,9M
C2,1145,1144,,1L
C2,1146,1144,,2M
C2,1147,1144,,4R
C2,1148,1139,,11L
C2,1149,1148,,2L
C2,1150,1148,,3M
C2,1151,1148,,4R
C2,1152,1151,,1L
C2,1153,1151,,2R
C2,1154,1139,,12M
C1,1155,1154,,s
C1,1156,1154,,s
C2,1157,1139,,13L
C2,1158,1157,,2L
C2,1159,1157,,3M
C2,1160,1157,,4R
C2,1161,1160,,1L
C2,1162,1160,,2M
C2,1163,1160,,6R
C2,1164,1139,,14M
C2,1165,1137,,21R
C2,1166,1136,,25R
C2,1167,1135,,29R
C2,1168,1131,,1M
C2,1169,1168,,1M
C2,1170,1169,,1M
C2,1171,1170,,3L
C2,1172,1170,,4M
C2,1173,1172,,1M
C2,1174,1173,,1M
C2,1175,1174,,1M
C2,1176,1175,,1M
C2,1177,1175,,3R
C2,1178,1172,,11R
C2,1179,1170,,19R
K2,1179,956,Cut by 956,
U,956,1179,,
C2,1180,1170,,3L
C2,1181,1170,,4M
C2,1182,1181,,1M
K2,1182,1173,Cut by 1173,
U,1173,1182,,
C2,1183,1181,,11R
C2,1184,1183,,1M
C2,1185,1183,,2R
C2,1186,1170,,22R
C2,1187,1186,,1L
C2,1188,1186,,2M
C2,1189,1170,,3L
C2,1190,1170,,4M
C2,1191,1190,,1M
C2,1192,1191,,1M
C2,1193,1192,,1M
C2,1194,1193,,1M
C2,1195,1191,,10R
C2,1196,1195,,1M
C2,1197,1195,,6R
C2,1198,1190,,20R
C2,1199,1169,,31R
C2,1200,1168,,35R
C2,1201,1131,,39R
C2,1202,1130,,44R
C2,1203,1127,,1M
C2,1204,1203,,1M
C2,1205,1204,,1M
C1,1206,1205,,s
C2,1207,1204,,7R
C2,1208,1203,,12R
C2,1209,1127,,16R
C2,1210,1209,,1M
C2,1211,1210,,1M
C2,1212,1211,,1L
C2,1213,1211,,2M
C2,1214,1213,,8L
C2,1215,1214,,2L
C2,1216,1214,,3M
C2,1217,1214,,4R
C2,1218,1213,,9M
C1,1219,1218,,s
C2,1220,1219,,1L
C2,1221,1219,,2M
C2,1222,1221,,1M
C2,1223,1221,,2R
C1,1224,1218,,s
C2,1225,1213,,22R
C2,1226,1213,,11L
K2,1226,1148,Cut by 1148,
U,1148,1226,,
C2,1227,1213,,12M
C1,1228,1227,,s
C2,1229,1228,,1L
C2,1230,1228,,2M
C1,1231,1227,,s
C2,1232,1213,,22R
C2,1233,1213,,13L
K2,1233,1157,Cut by 1157,
U,1157,1233,,
C2,1234,1213,,14M
C1,1235,1234,,s
C1,1236,1234,,s
C2,1237,1213,,22R
C2,1238,1211,,27R
C2,1239,1210,,32R
C2,1240,1127,,1M
C2,1241,1240,,1M
C2,1242,1241,,1M
C2,1243,1242,,1M
C2,1244,1243,,1M
C2,1245,1243,,5R
C2,1246,1242,,10R
C2,1247,1246,,1M
C2,1248,1247,,1M
C2,1249,1248,,1M
C2,1250,1249,,1M
C2,1251,1249,,2R
C2,1252,1251,,1M
C2,1253,1251,,5R
C2,1254,1249,,1M
C2,1255,1254,,1M
C2,1256,1249,,8R
C2,1257,1248,,13R
C2,1258,1257,,1L
C2,1259,1257,,2M
C2,1260,1259,,1M
C2,1261,1259,,2R
C2,1262,1248,,1M
C2,1263,1262,,1M
C2,1264,1262,,2R
C2,1265,1264,,1M
C2,1266,1264,,5R
C2,1267,1266,,1M
C2,1268,1266,,2R
C2,1269,1262,,1M
C2,1270,1269,,1M
C2,1271,1262,,8R
C2,1272,1271,,1M
C2,1273,1271,,2R
C2,1274,1248,,16R
C2,1275,1274,,1L
C2,1276,1274,,2M
C2,1277,1248,,1M
C2,1278,1277,,1M
C2,1279,1278,,1R
C2,1280,1279,,1M
C2,1281,1279,,5R
C2,1282,1281,,1M
C2,1283,1281,,6R
C2,1284,1278,,1M
C2,1285,1284,,1M
C2,1286,1278,,7R
C2,1287,1286,,1M
C2,1288,1286,,6R
C2,1289,1277,,17R
C2,1290,1247,,25R
C2,1291,1246,,29R
C2,1292,1242,,1M
C2,1293,1292,,1M
C2,1294,1293,,1M
C2,1295,1294,,1M
C2,1296,1295,,1M
C2,1297,1296,,1R
C2,1298,1297,,1M
C2,1299,1297,,4R
C2,1300,1295,,11R
C2,1301,1300,,1M
C2,1302,1300,,5R
C2,1303,1294,,21R
C2,1304,1303,,1M
C2,1305,1303,,6R
C2,1306,1293,,33R
C2,1307,1292,,36R
C2,1308,1242,,40R
C2,1309,1241,,44R
C2,1310,1240,,49R
C2,1311,1126,,1M
C2,1312,1311,,1M
C2,1313,1311,,4R
C2,1314,1313,,1M
C2,1315,1314,,1M
C2,1316,1315,,1M
C2,1317,1316,,1M
C2,1318,1316,,2R
C2,1319,1315,,7R
C2,1320,1319,,1M
C2,1321,1320,,1M
C2,1322,1321,,1M
C2,1323,1322,,1M
C2,1324,1322,,2R
C2,1325,1324,,1M
C2,1326,1324,,5R
C2,1327,1322,,1M
C2,1328,1327,,1M
C2,1329,1322,,8R
C2,1330,1321,,13R
C2,1331,1330,,1L
C2,1332,1330,,2M
C2,1333,1332,,1M
C2,1334,1332,,2R
C2,1335,1330,,8R
C2,1336,1321,,1M
C2,1337,1336,,1M
C2,1338,1337,,1R
C2,1339,1338,,1M
C2,1340,1338,,5R
C2,1341,1340,,1M
C2,1342,1340,,6R
C2,1343,1337,,1M
C2,1344,1343,,1M
C2,1345,1337,,7R
C2,1346,1345,,1M
C2,1347,1345,,6R
C2,1348,1336,,17R
C2,1349,1321,,22R
C2,1350,1320,,25R
C2,1351,1319,,29R
C2,1352,1315,,1M
C2,1353,1352,,1M
C2,1354,1353,,1M
C2,1355,1354,,1M
C2,1356,1355,,1M
C2,1357,1356,,1M
C2,1358,1356,,3R
C2,1359,1355,,8R
C2,1360,1359,,1M
C2,1361,1359,,5R
C2,1362,1354,,18R
C2,1363,1362,,1M
C2,1364,1362,,6R
C2,1365,1353,,30R
C2,1366,1352,,33R
C2,1367,1315,,37R
C2,1368,1314,,41R
C2,1369,1313,,46R
C2,1370,1311,,1M
C2,1371,1370,,1M
C2,1372,1371,,1M
C2,1373,1372,,1M
C2,1374,1372,,6R
C2,1375,1371,,10R
C2,1376,1375,,1M
C2,1377,1376,,1M
C2,1378,1376,,5R
C2,1379,1378,,1M
C2,1380,1378,,5R
C2,1381,1375,,15R
C2,1382,1370,,32R
C2,1383,1382,,1L
C2,1384,1382,,2M
C2,1385,1384,,3L
C2,1386,1384,,4M
C2,1387,1384,,8R
C2,1388,1382,,13R
C2,1389,1370,,1M
C2,1390,1389,,1M
C2,1391,1390,,1M
C2,1392,1390,,6R
C2,1393,1389,,10R
C2,1394,1393,,1M
C2,1395,1394,,1M
C2,1396,1395,,1M
C2,1397,1396,,1M
C2,1398,1396,,3R
C2,1399,1398,,1M
C2,1400,1398,,5R
C2,1401,1395,,13R
C2,1402,1401,,1M
C2,1403,1401,,6R
C2,1404,1394,,25R
C2,1405,1393,,28R
C2,1406,1370,,43R
C2,1407,1406,,1M
C2,1408,1406,,2R
C2,1409,1311,,51R
C2,1410,561,,63M
C2,1411,1410,,12L
C2,1412,1411,,7L
C2,1413,1412,,1M
C2,1414,1411,,8M
C2,1415,1410,,13M
K2,1415,1002,Cut by 1002,
U,1002,1415,,
C2,1416,560,,83L
C2,1417,1416,,1M
C2,1418,1417,,1M
C2,1419,1418,,1M
C2,1420,1419,,3L
C2,1421,1419,,4M
C2,1422,1421,,1M
C2,1423,1422,,1M
C2,1424,1423,,1M
C2,1425,1424,,1M
C2,1426,1425,,53L
C2,1427,1426,,1M
C2,1428,1427,,1M
C2,1429,1428,,1M
C2,1430,1429,,4L
C2,1431,1429,,5M
C2,1432,1431,,2L
C2,1433,1431,,3M
C2,1434,1433,,8L
C2,1435,1434,,1M
C2,1436,1435,,1M
C2,1437,1433,,9M
C2,1438,1437,,13L
C1,1439,1438,,s
C2,1440,1439,,1L
C2,1441,1439,,2M
C2,1442,1439,,6R
C1,1443,1438,,s
C2,1444,1437,,14M
C2,1445,1437,,17R
C2,1446,1433,,29R
C2,1447,1433,,10L
C2,1448,1447,,1M
C2,1449,1448,,1M
C2,1450,1447,,7R
C2,1451,1433,,11M
C2,1452,1451,,11L
C1,1453,1452,,s
C2,1454,1453,,1M
C2,1455,1453,,4R
C1,1456,1452,,s
C2,1457,1451,,12M
C2,1458,1451,,15R
C2,1459,1433,,29R
C2,1460,1431,,36R
C2,1461,1431,,10L
K2,1461,712,Cut by 712,
U,712,1461,,
C2,1462,1431,,11M
C2,1463,1462,,1M
K2,1463,1437,Cut by 1437,
U,1437,1463,,
C2,1464,1462,,21R
C2,1465,1462,,2L
C2,1466,1462,,3M
K2,1466,1451,Cut by 1451,
U,1451,1466,,
C2,1467,1462,,21R
C2,1468,1431,,36R
C2,1469,1428,,3L
C2,1470,1428,,4M
C2,1471,1470,,1L
C2,1472,1470,,2M
K2,1472,1431,Cut by 1431,
U,1431,1472,,
C2,1473,1426,,51L
C2,1474,1473,,1M
C2,1475,1474,,1M
C2,1476,1475,,1M
C2,1477,1476,,4L
C2,1478,1476,,5M
C2,1479,1478,,2L
C2,1480,1478,,3M
C2,1481,1480,,1M
C2,1482,1481,,1M
C2,1483,1482,,1L
C2,1484,1482,,2M
C2,1485,1484,,2L
C2,1486,1484,,3M
C2,1487,1484,,4R
C2,1488,1482,,10R
C2,1489,1488,,1L
C2,1490,1488,,2M
C2,1491,1488,,4R
C2,1492,1482,,1L
C2,1493,1482,,2M
K2,1493,1148,Cut by 1148,
U,1148,1493,,
C2,1494,1482,,13R
C1,1495,1494,,s
C1,1496,1494,,s
C2,1497,1482,,1L
C2,1498,1482,,2M
K2,1498,1157,Cut by 1157,
U,1157,1498,,
C2,1499,1482,,15R
C2,1500,1480,,23R
C2,1501,1478,,29R
C2,1502,1478,,10L
C2,1503,1502,,1R
C2,1504,1503,,1M
C2,1505,1504,,1M
C2,1506,1504,,3R
C2,1507,1478,,11M
C2,1508,1507,,4L
C2,1509,1507,,5M
K2,1509,1219,Cut by 1219,
U,1219,1509,,
C2,1510,1507,,15R
C2,1511,1507,,7L
C1,1512,1511,,s
C2,1513,1512,,1L
C2,1514,1512,,2R
C2,1515,1507,,8M
C2,1516,1515,,1L
C2,1517,1515,,2M
C2,1518,1507,,15R
C2,1519,1507,,9L
C1,1520,1519,,s
C2,1521,1520,,1L
C2,1522,1520,,2M
C2,1523,1520,,6R
C2,1524,1507,,10M
C2,1525,1507,,15R
C2,1526,1478,,29R
C2,1527,1476,,37R
C2,1528,1475,,42R
C2,1529,1425,,54M
C2,1530,1529,,1M
C2,1531,1530,,3L
C2,1532,1530,,4M
C2,1533,1419,,68L
C2,1534,1533,,1M
C2,1535,1534,,1M
C2,1536,1535,,1M
C2,1537,1536,,1M
C2,1538,1537,,1M
C2,1539,1538,,1M
C2,1540,1539,,1M
C1,1541,1540,,s
C2,1542,1541,,1M
C2,1543,1542,,1M
C2,1544,1543,,1M
C2,1545,1544,,4L
C2,1546,1544,,5M
C2,1547,1546,,2L
C2,1548,1546,,3M
C2,1549,1548,,8L
C2,1550,1549,,1M
C2,1551,1550,,1M
C2,1552,1548,,9M
C2,1553,1552,,13L
C1,1554,1553,,s
C1,1555,1553,,s
C2,1556,1555,,1L
C2,1557,1555,,2M
C2,1558,1555,,4R
C1,1559,1553,,s
C2,1560,1559,,1L
C2,1561,1559,,2R
C1,1562,1553,,s
C1,1563,1562,,s
C1,1564,1562,,s
C1,1565,1553,,s
C2,1566,1565,,1L
C2,1567,1565,,2M
C2,1568,1565,,6R
C1,1569,1553,,s
C2,1570,1552,,14M
C2,1571,1552,,17R
C2,1572,1548,,29R
C2,1573,1546,,36R
C2,1574,1546,,10L
C2,1575,1574,,1R
C2,1576,1575,,1M
C2,1577,1576,,1M
C2,1578,1576,,3R
C2,1579,1546,,11M
C2,1580,1579,,1M
K2,1580,1552,Cut by 1552,
U,1552,1580,,
C2,1581,1579,,21R
C2,1582,1546,,36R
C2,1583,1541,,51L
C2,1584,1583,,1M
C2,1585,1584,,1M
C2,1586,1585,,1M
C2,1587,1586,,4L
C2,1588,1586,,5M
C2,1589,1588,,2L
C2,1590,1588,,3M
C2,1591,1590,,1M
C2,1592,1591,,1M
C2,1593,1592,,1M
C2,1594,1593,,1M
C2,1595,1593,,5R
C2,1596,1592,,10R
C2,1597,1596,,1L
C2,1598,1596,,2M
C2,1599,1596,,4R
C2,1600,1592,,1M
K2,1600,1338,Cut by 1338,
U,1338,1600,,
C2,1601,1592,,15R
C2,1602,1591,,20R
C2,1603,1590,,23R
C2,1604,1588,,29R
C2,1605,1588,,10L
C2,1606,1605,,1R
C2,1607,1606,,1M
C2,1608,1607,,1M
C2,1609,1607,,3R
C2,1610,1588,,11M
C2,1611,1610,,4L
C2,1612,1610,,5M
C2,1613,1612,,1L
C2,1614,1612,,2M
C2,1615,1614,,1M
C2,1616,1614,,2R
C2,1617,1612,,8R
C2,1618,1610,,15R
C2,1619,1610,,9L
C1,1620,1619,,s
C2,1621,1620,,1M
C2,1622,1620,,6R
C2,1623,1610,,10M
C2,1624,1610,,15R
C2,1625,1588,,29R
C2,1626,1586,,37R
C2,1627,1585,,42R
C1,1628,1540,,s
C2,1629,1628,,1M
C2,1630,1629,,1M
C2,1631,1630,,1M
C2,1632,1631,,1M
C2,1633,1632,,1M
C2,1634,1633,,3L
C2,1635,1633,,4M
C2,1636,1635,,2L
C2,1637,1635,,3M
C2,1638,1637,,1M
C2,1639,1638,,1M
C2,1640,1639,,1M
C2,1641,1639,,6R
C2,1642,1638,,11R
C2,1643,1642,,1L
C2,1644,1642,,2M
C2,1645,1642,,4R
C2,1646,1637,,21R
C2,1647,1635,,26R
C2,1648,1633,,33R
C2,1649,1632,,37R
C2,1650,1632,,4L
C2,1651,1632,,5M
C2,1652,1651,,2L
C2,1653,1651,,3M
C2,1654,1653,,1M
C2,1655,1654,,1M
C2,1656,1655,,1M
C2,1657,1656,,1M
C2,1658,1656,,5R
C2,1659,1655,,10R
C2,1660,1659,,1L
C2,1661,1659,,2M
C2,1662,1659,,4R
C2,1663,1654,,20R
C2,1664,1653,,23R
C2,1665,1651,,29R
C2,1666,1632,,37R
C2,1667,1631,,42R
C2,1668,1628,,51L
C2,1669,1668,,1M
C2,1670,1669,,1M
C2,1671,1670,,1M
C2,1672,1671,,1M
C2,1673,1671,,2R
C2,1674,1671,,1M
C2,1675,1671,,4R
C2,1676,1670,,9R
C2,1677,1676,,1M
C2,1678,1677,,1M
C2,1679,1678,,1M
C2,1680,1679,,9L
C2,1681,1680,,1M
C2,1682,1680,,5R
C2,1683,1679,,10M
C2,1684,1683,,1M
C2,1685,1683,,4R
C2,1686,1679,,18R
C2,1687,1678,,21R
C2,1688,1677,,25R
C2,1689,1676,,29R
C2,1690,1670,,1M
C2,1691,1690,,1M
C2,1692,1691,,1M
C2,1693,1692,,1M
C2,1694,1693,,1L
C2,1695,1693,,2M
C2,1696,1695,,1M
C2,1697,1695,,2R
C2,1698,1693,,8R
C2,1699,1698,,1M
C2,1700,1698,,5R
C2,1701,1693,,1L
C2,1702,1693,,2M
C2,1703,1702,,1M
C2,1704,1703,,1R
C2,1705,1704,,1M
C2,1706,1705,,1M
C2,1707,1705,,3R
C2,1708,1693,,14R
C2,1709,1692,,18R
C2,1710,1709,,1M
C2,1711,1710,,1M
C2,1712,1710,,4R
C2,1713,1709,,9R
C2,1714,1692,,2L
C2,1715,1692,,3M
C2,1716,1715,,1M
C2,1717,1715,,6R
C2,1718,1717,,1M
C2,1719,1717,,5R
C2,1720,1715,,1M
C2,1721,1720,,1M
C1,1722,1721,,s
C2,1723,1722,,1M
C2,1724,1723,,1M
C2,1725,1723,,3R
C2,1726,1715,,12R
C2,1727,1692,,18R
K2,1727,1709,Cut by 1709,
U,1709,1727,,
C2,1728,1691,,31R
C2,1729,1690,,35R
C2,1730,1670,,39R
C2,1731,1669,,43R
C2,1732,1535,,56L
C2,1733,1732,,1M
C2,1734,1732,,4R
C2,1735,1734,,1M
C2,1736,1735,,1M
C2,1737,1736,,1M
C2,1738,1737,,1M
C2,1739,1737,,2R
C2,1740,1737,,1M
C2,1741,1737,,4R
C2,1742,1736,,9R
C2,1743,1742,,1M
C2,1744,1743,,1M
C2,1745,1744,,1M
C2,1746,1745,,8L
C2,1747,1746,,1M
C2,1748,1746,,5R
C2,1749,1745,,9M
C2,1750,1749,,1M
C2,1751,1749,,5R
C2,1752,1745,,18R
C2,1753,1744,,21R
C2,1754,1743,,25R
C2,1755,1742,,29R
C2,1756,1736,,1M
C2,1757,1756,,1M
C2,1758,1757,,1M
C2,1759,1758,,1M
C2,1760,1759,,1L
C2,1761,1759,,2M
C2,1762,1761,,1M
C2,1763,1761,,2R
C2,1764,1759,,8R
C2,1765,1764,,1M
C2,1766,1764,,5R
C2,1767,1759,,1L
C2,1768,1759,,2M
C2,1769,1768,,1M
C2,1770,1769,,1R
C2,1771,1770,,1M
C2,1772,1771,,1M
C2,1773,1771,,3R
C2,1774,1759,,14R
C2,1775,1758,,18R
C2,1776,1775,,1M
C2,1777,1776,,1M
C2,1778,1776,,4R
C2,1779,1775,,9R
C2,1780,1758,,2L
C2,1781,1758,,3M
C2,1782,1781,,1M
C2,1783,1781,,6R
C2,1784,1783,,1M
C2,1785,1783,,5R
C2,1786,1781,,1M
C2,1787,1786,,1M
C1,1788,1787,,s
C2,1789,1788,,1M
C2,1790,1789,,1M
C2,1791,1789,,3R
C2,1792,1781,,12R
C2,1793,1758,,18R
K2,1793,1775,Cut by 1775,
U,1775,1793,,
C2,1794,1757,,31R
C2,1795,1756,,35R
C2,1796,1736,,39R
C2,1797,1735,,43R
C2,1798,1732,,1M
C2,1799,1798,,1M
C2,1800,1799,,1M
C2,1801,1800,,1M
C2,1802,1801,,1M
C2,1803,1801,,5R
C2,1804,1800,,9R
C2,1805,1804,,1M
C2,1806,1805,,1M
C2,1807,1806,,1M
C2,1808,1807,,1M
C2,1809,1807,,3R
C2,1810,1809,,1M
C2,1811,1809,,5R
C2,1812,1806,,13R
C2,1813,1812,,1M
C2,1814,1813,,1M
C2,1815,1813,,4R
C2,1816,1812,,7R
C2,1817,1805,,26R
C2,1818,1804,,30R
C2,1819,1798,,46R
C2,1820,1819,,1R
C2,1821,1798,,1M
C2,1822,1821,,1M
K2,1822,1800,Cut by 1800,
U,1800,1822,,
C2,1823,1821,,44R
C2,1824,1798,,48R
C2,1825,1535,,57M
C2,1826,1825,,1L
C2,1827,1825,,2M
C2,1828,1419,,69M
C2,1829,1828,,2L
C2,1830,1828,,3M
C2,1831,1417,,74L
C2,1832,1831,,1M
C2,1833,1832,,1M
C2,1834,1833,,1M
C2,1835,1834,,1M
C2,1836,1835,,1M
C2,1837,1836,,1M
C2,1838,1837,,1M
C2,1839,1838,,1M
C2,1840,1839,,1M
C2,1841,1840,,1M
C2,1842,1841,,1M
C2,1843,1842,,1M
C2,1844,1843,,1M
C2,1845,1844,,4L
C2,1846,1844,,5M
C2,1847,1846,,2L
C2,1848,1846,,3M
C2,1849,1848,,8L
C2,1850,1849,,1M
C2,1851,1850,,1M
C2,1852,1848,,9M
C2,1853,1852,,12L
C1,1854,1853,,s
C1,1855,1853,,s
C2,1856,1855,,1L
C2,1857,1855,,2M
C2,1858,1855,,4R
C1,1859,1853,,s
C2,1860,1859,,1M
C2,1861,1859,,6R
C1,1862,1853,,s
C2,1863,1852,,13M
C1,1864,1863,,s
C1,1865,1863,,s
C2,1866,1852,,20R
C2,1867,1848,,33R
C2,1868,1846,,10L
K2,1868,1502,Cut by 1502,
U,1502,1868,,
C2,1869,1846,,11M
C2,1870,1869,,1M
K2,1870,1852,Cut by 1852,
U,1852,1870,,
C2,1871,1869,,25R
C2,1872,1841,,51L
K2,1872,1629,Cut by 1629,
U,1629,1872,,
C2,1873,1841,,52M
C2,1874,1840,,53L
C2,1875,1874,,1M
K2,1875,87,Cut by 87,
U,87,1875,,
C2,1876,1874,,51L
C2,1877,1876,,1M
C2,1878,1877,,1M
C2,1879,1878,,1M
C2,1880,1879,,1M
C2,1881,1879,,2R
C2,1882,1879,,1M
C2,1883,1879,,4R
C2,1884,1878,,9R
C2,1885,1884,,1M
C2,1886,1885,,1M
C2,1887,1886,,1M
C2,1888,1887,,8L
C2,1889,1888,,1M
C2,1890,1888,,5R
C2,1891,1887,,9M
C2,1892,1891,,1M
C2,1893,1891,,5R
C2,1894,1887,,18R
C2,1895,1886,,21R
C2,1896,1885,,25R
C2,1897,1878,,1M
C2,1898,1897,,1M
C2,1899,1898,,1M
C2,1900,1899,,1M
C2,1901,1900,,1L
C2,1902,1900,,2M
C2,1903,1902,,1M
C2,1904,1902,,2R
C2,1905,1900,,8R
C2,1906,1905,,1M
C2,1907,1905,,5R
C2,1908,1900,,1L
C2,1909,1900,,2M
C2,1910,1909,,1M
C2,1911,1910,,1R
C2,1912,1911,,1M
C2,1913,1912,,1M
C2,1914,1912,,3R
C2,1915,1900,,14R
